ts_code,symbol,name
000001.SZ,000001,平安银行
000002.SZ,000002,万科A
000004.SZ,000004,国农科技
000005.SZ,000005,世纪星源
000006.SZ,000006,深振业A
000008.SZ,000008,神州高铁
000009.SZ,000009,中国宝安
000011.SZ,000011,深物业A
000012.SZ,000012,南玻A
000014.SZ,000014,沙河股份
000016.SZ,000016,深康佳A
000020.SZ,000020,深华发A
000021.SZ,000021,深科技
000023.SZ,000023,深天地A
000025.SZ,000025,特力A
000026.SZ,000026,飞亚达
000027.SZ,000027,深圳能源
000028.SZ,000028,国药一致
000029.SZ,000029,深深房A
000030.SZ,000030,富奥股份
000031.SZ,000031,大悦城
000032.SZ,000032,深桑达A
000034.SZ,000034,神州数码
000035.SZ,000035,中国天楹
000036.SZ,000036,华联控股
000037.SZ,000037,深南电A
000038.SZ,000038,深大通
000039.SZ,000039,中集集团
000040.SZ,000040,东旭蓝天
000042.SZ,000042,中洲控股
000045.SZ,000045,深纺织A
000046.SZ,000046,泛海控股
000048.SZ,000048,京基智农
000049.SZ,000049,德赛电池
000050.SZ,000050,深天马A
000055.SZ,000055,方大集团
000056.SZ,000056,皇庭国际
000058.SZ,000058,深赛格
000059.SZ,000059,华锦股份
000060.SZ,000060,中金岭南
000061.SZ,000061,农产品
000062.SZ,000062,深圳华强
000065.SZ,000065,北方国际
000066.SZ,000066,中国长城
000068.SZ,000068,华控赛格
000069.SZ,000069,华侨城A
000070.SZ,000070,特发信息
000078.SZ,000078,海王生物
000088.SZ,000088,盐田港
000089.SZ,000089,深圳机场
000090.SZ,000090,天健集团
000096.SZ,000096,广聚能源
000099.SZ,000099,中信海直
000100.SZ,000100,TCL科技
000150.SZ,000150,宜华健康
000151.SZ,000151,中成股份
000153.SZ,000153,丰原药业
000155.SZ,000155,川能动力
000156.SZ,000156,华数传媒
000157.SZ,000157,中联重科
000158.SZ,000158,常山北明
000159.SZ,000159,国际实业
000166.SZ,000166,申万宏源
000301.SZ,000301,东方盛虹
000333.SZ,000333,美的集团
000338.SZ,000338,潍柴动力
000400.SZ,000400,许继电气
000401.SZ,000401,冀东水泥
000402.SZ,000402,金融街
000403.SZ,000403,双林生物
000404.SZ,000404,长虹华意
000407.SZ,000407,胜利股份
000411.SZ,000411,英特集团
000413.SZ,000413,东旭光电
000415.SZ,000415,渤海租赁
000416.SZ,000416,民生控股
000417.SZ,000417,合肥百货
000419.SZ,000419,通程控股
000420.SZ,000420,吉林化纤
000421.SZ,000421,南京公用
000423.SZ,000423,东阿阿胶
000425.SZ,000425,徐工机械
000426.SZ,000426,兴业矿业
000429.SZ,000429,粤高速A
000430.SZ,000430,张家界
000488.SZ,000488,晨鸣纸业
000498.SZ,000498,山东路桥
000501.SZ,000501,鄂武商A
000502.SZ,000502,绿景控股
000503.SZ,000503,国新健康
000505.SZ,000505,京粮控股
000507.SZ,000507,珠海港
000510.SZ,000510,新金路
000513.SZ,000513,丽珠集团
000514.SZ,000514,渝开发
000516.SZ,000516,国际医学
000517.SZ,000517,荣安地产
000519.SZ,000519,中兵红箭
000520.SZ,000520,长航凤凰
000523.SZ,000523,广州浪奇
000524.SZ,000524,岭南控股
000525.SZ,000525,红太阳
000526.SZ,000526,紫光学大
000528.SZ,000528,柳工
000529.SZ,000529,广弘控股
000530.SZ,000530,冰山冷热
000531.SZ,000531,穗恒运A
000532.SZ,000532,华金资本
000533.SZ,000533,顺钠股份
000534.SZ,000534,万泽股份
000537.SZ,000537,广宇发展
000538.SZ,000538,云南白药
000539.SZ,000539,粤电力A
000540.SZ,000540,中天金融
000541.SZ,000541,佛山照明
000543.SZ,000543,皖能电力
000544.SZ,000544,中原环保
000545.SZ,000545,金浦钛业
000546.SZ,000546,金圆股份
000547.SZ,000547,航天发展
000548.SZ,000548,湖南投资
000550.SZ,000550,江铃汽车
000551.SZ,000551,创元科技
000552.SZ,000552,靖远煤电
000553.SZ,000553,安道麦A
000554.SZ,000554,泰山石油
000555.SZ,000555,神州信息
000557.SZ,000557,西部创业
000558.SZ,000558,莱茵体育
000559.SZ,000559,万向钱潮
000560.SZ,000560,我爱我家
000561.SZ,000561,烽火电子
000563.SZ,000563,陕国投A
000564.SZ,000564,供销大集
000565.SZ,000565,渝三峡A
000566.SZ,000566,海南海药
000567.SZ,000567,海德股份
000568.SZ,000568,泸州老窖
000570.SZ,000570,苏常柴A
000581.SZ,000581,威孚高科
000582.SZ,000582,北部湾港
000584.SZ,000584,哈工智能
000591.SZ,000591,太阳能
000592.SZ,000592,平潭发展
000593.SZ,000593,大通燃气
000596.SZ,000596,古井贡酒
000597.SZ,000597,东北制药
000598.SZ,000598,兴蓉环境
000599.SZ,000599,青岛双星
000600.SZ,000600,建投能源
000601.SZ,000601,韶能股份
000603.SZ,000603,盛达资源
000605.SZ,000605,渤海股份
000606.SZ,000606,顺利办
000607.SZ,000607,华媒控股
000609.SZ,000609,中迪投资
000613.SZ,000613,大东海A
000615.SZ,000615,奥园美谷
000616.SZ,000616,海航投资
000617.SZ,000617,中油资本
000619.SZ,000619,海螺型材
000620.SZ,000620,新华联
000623.SZ,000623,吉林敖东
000625.SZ,000625,长安汽车
000627.SZ,000627,天茂集团
000628.SZ,000628,高新发展
000629.SZ,000629,攀钢钒钛
000630.SZ,000630,铜陵有色
000631.SZ,000631,顺发恒业
000632.SZ,000632,三木集团
000635.SZ,000635,英力特
000636.SZ,000636,风华高科
000637.SZ,000637,茂化实华
000639.SZ,000639,西王食品
000650.SZ,000650,仁和药业
000651.SZ,000651,格力电器
000652.SZ,000652,泰达股份
000656.SZ,000656,金科股份
000657.SZ,000657,中钨高新
000659.SZ,000659,珠海中富
000661.SZ,000661,长春高新
000665.SZ,000665,湖北广电
000666.SZ,000666,经纬纺机
000667.SZ,000667,美好置业
000668.SZ,000668,荣丰控股
000671.SZ,000671,阳光城
000672.SZ,000672,上峰水泥
000676.SZ,000676,智度股份
000677.SZ,000677,恒天海龙
000680.SZ,000680,山推股份
000681.SZ,000681,视觉中国
000682.SZ,000682,东方电子
000683.SZ,000683,远兴能源
000685.SZ,000685,中山公用
000686.SZ,000686,东北证券
000688.SZ,000688,国城矿业
000690.SZ,000690,宝新能源
000691.SZ,000691,亚太实业
000695.SZ,000695,滨海能源
000697.SZ,000697,炼石航空
000698.SZ,000698,沈阳化工
000700.SZ,000700,模塑科技
000701.SZ,000701,厦门信达
000702.SZ,000702,正虹科技
000703.SZ,000703,恒逸石化
000705.SZ,000705,浙江震元
000708.SZ,000708,中信特钢
000709.SZ,000709,河钢股份
000710.SZ,000710,贝瑞基因
000711.SZ,000711,京蓝科技
000713.SZ,000713,丰乐种业
000715.SZ,000715,中兴商业
000716.SZ,000716,黑芝麻
000717.SZ,000717,韶钢松山
000718.SZ,000718,苏宁环球
000719.SZ,000719,中原传媒
000720.SZ,000720,新能泰山
000722.SZ,000722,湖南发展
000723.SZ,000723,美锦能源
000725.SZ,000725,京东方A
000726.SZ,000726,鲁泰A
000728.SZ,000728,国元证券
000729.SZ,000729,燕京啤酒
000731.SZ,000731,四川美丰
000732.SZ,000732,泰禾集团
000733.SZ,000733,振华科技
000735.SZ,000735,罗牛山
000736.SZ,000736,中交地产
000738.SZ,000738,航发控制
000739.SZ,000739,普洛药业
000751.SZ,000751,锌业股份
000753.SZ,000753,漳州发展
000755.SZ,000755,山西路桥
000756.SZ,000756,新华制药
000757.SZ,000757,浩物股份
000758.SZ,000758,中色股份
000759.SZ,000759,中百集团
000761.SZ,000761,本钢板材
000766.SZ,000766,通化金马
000768.SZ,000768,中航飞机
000776.SZ,000776,广发证券
000777.SZ,000777,中核科技
000778.SZ,000778,新兴铸管
000782.SZ,000782,美达股份
000783.SZ,000783,长江证券
000785.SZ,000785,居然之家
000786.SZ,000786,北新建材
000788.SZ,000788,北大医药
000789.SZ,000789,万年青
000790.SZ,000790,华神科技
000791.SZ,000791,甘肃电投
000793.SZ,000793,华闻集团
000795.SZ,000795,英洛华
000796.SZ,000796,凯撒旅业
000797.SZ,000797,中国武夷
000798.SZ,000798,中水渔业
000799.SZ,000799,酒鬼酒
000800.SZ,000800,一汽解放
000801.SZ,000801,四川九洲
000802.SZ,000802,北京文化
000807.SZ,000807,云铝股份
000809.SZ,000809,铁岭新城
000810.SZ,000810,创维数字
000811.SZ,000811,冰轮环境
000812.SZ,000812,陕西金叶
000813.SZ,000813,德展健康
000815.SZ,000815,美利云
000818.SZ,000818,航锦科技
000819.SZ,000819,岳阳兴长
000821.SZ,000821,京山轻机
000822.SZ,000822,山东海化
000823.SZ,000823,超声电子
000825.SZ,000825,太钢不锈
000826.SZ,000826,启迪环境
000828.SZ,000828,东莞控股
000829.SZ,000829,天音控股
000830.SZ,000830,鲁西化工
000831.SZ,000831,五矿稀土
000833.SZ,000833,粤桂股份
000836.SZ,000836,富通鑫茂
000838.SZ,000838,财信发展
000848.SZ,000848,承德露露
000850.SZ,000850,华茂股份
000851.SZ,000851,高鸿股份
000852.SZ,000852,石化机械
000856.SZ,000856,冀东装备
000858.SZ,000858,五粮液
000859.SZ,000859,国风塑业
000860.SZ,000860,顺鑫农业
000861.SZ,000861,海印股份
000863.SZ,000863,三湘印象
000869.SZ,000869,张裕A
000876.SZ,000876,新希望
000877.SZ,000877,天山股份
000878.SZ,000878,云南铜业
000880.SZ,000880,潍柴重机
000881.SZ,000881,中广核技
000882.SZ,000882,华联股份
000883.SZ,000883,湖北能源
000885.SZ,000885,城发环境
000886.SZ,000886,海南高速
000887.SZ,000887,中鼎股份
000888.SZ,000888,峨眉山A
000889.SZ,000889,中嘉博创
000892.SZ,000892,欢瑞世纪
000895.SZ,000895,双汇发展
000898.SZ,000898,鞍钢股份
000899.SZ,000899,赣能股份
000900.SZ,000900,现代投资
000901.SZ,000901,航天科技
000902.SZ,000902,新洋丰
000903.SZ,000903,云内动力
000905.SZ,000905,厦门港务
000906.SZ,000906,浙商中拓
000908.SZ,000908,景峰医药
000909.SZ,000909,数源科技
000910.SZ,000910,大亚圣象
000913.SZ,000913,钱江摩托
000915.SZ,000915,山大华特
000918.SZ,000918,嘉凯城
000919.SZ,000919,金陵药业
000920.SZ,000920,南方汇通
000921.SZ,000921,海信家电
000922.SZ,000922,佳电股份
000923.SZ,000923,河钢资源
000925.SZ,000925,众合科技
000926.SZ,000926,福星股份
000928.SZ,000928,中钢国际
000930.SZ,000930,中粮科技
000931.SZ,000931,中关村
000932.SZ,000932,华菱钢铁
000935.SZ,000935,四川双马
000936.SZ,000936,华西股份
000937.SZ,000937,冀中能源
000938.SZ,000938,紫光股份
000948.SZ,000948,南天信息
000949.SZ,000949,新乡化纤
000950.SZ,000950,重药控股
000951.SZ,000951,中国重汽
000952.SZ,000952,广济药业
000955.SZ,000955,欣龙控股
000957.SZ,000957,中通客车
000958.SZ,000958,东方能源
000959.SZ,000959,首钢股份
000960.SZ,000960,锡业股份
000961.SZ,000961,中南建设
000963.SZ,000963,华东医药
000965.SZ,000965,天保基建
000967.SZ,000967,盈峰环境
000968.SZ,000968,蓝焰控股
000970.SZ,000970,中科三环
000973.SZ,000973,佛塑科技
000975.SZ,000975,银泰黄金
000976.SZ,000976,华铁股份
000977.SZ,000977,浪潮信息
000978.SZ,000978,桂林旅游
000983.SZ,000983,西山煤电
000985.SZ,000985,大庆华科
000987.SZ,000987,越秀金控
000988.SZ,000988,华工科技
000989.SZ,000989,九芝堂
000990.SZ,000990,诚志股份
000996.SZ,000996,中国中期
000997.SZ,000997,新大陆
000998.SZ,000998,隆平高科
000999.SZ,000999,华润三九
001696.SZ,001696,宗申动力
001872.SZ,001872,招商港口
001914.SZ,001914,招商积余
001979.SZ,001979,招商蛇口
002001.SZ,002001,新和成
002002.SZ,002002,鸿达兴业
002003.SZ,002003,伟星股份
002004.SZ,002004,华邦健康
002006.SZ,002006,精功科技
002007.SZ,002007,华兰生物
002008.SZ,002008,大族激光
002009.SZ,002009,天奇股份
002010.SZ,002010,传化智联
002011.SZ,002011,盾安环境
002012.SZ,002012,凯恩股份
002013.SZ,002013,中航机电
002014.SZ,002014,永新股份
002015.SZ,002015,协鑫能科
002016.SZ,002016,世荣兆业
002017.SZ,002017,东信和平
002019.SZ,002019,亿帆医药
002020.SZ,002020,京新药业
002022.SZ,002022,科华生物
002023.SZ,002023,海特高新
002024.SZ,002024,苏宁易购
002025.SZ,002025,航天电器
002026.SZ,002026,山东威达
002027.SZ,002027,分众传媒
002028.SZ,002028,思源电气
002029.SZ,002029,七匹狼
002030.SZ,002030,达安基因
002031.SZ,002031,巨轮智能
002032.SZ,002032,苏泊尔
002033.SZ,002033,丽江股份
002034.SZ,002034,旺能环境
002035.SZ,002035,华帝股份
002036.SZ,002036,联创电子
002037.SZ,002037,保利联合
002038.SZ,002038,双鹭药业
002039.SZ,002039,黔源电力
002040.SZ,002040,南京港
002041.SZ,002041,登海种业
002042.SZ,002042,华孚时尚
002043.SZ,002043,兔宝宝
002044.SZ,002044,美年健康
002046.SZ,002046,轴研科技
002047.SZ,002047,宝鹰股份
002048.SZ,002048,宁波华翔
002049.SZ,002049,紫光国微
002050.SZ,002050,三花智控
002051.SZ,002051,中工国际
002053.SZ,002053,云南能投
002054.SZ,002054,德美化工
002055.SZ,002055,得润电子
002056.SZ,002056,横店东磁
002057.SZ,002057,中钢天源
002058.SZ,002058,威尔泰
002059.SZ,002059,云南旅游
002060.SZ,002060,粤水电
002061.SZ,002061,浙江交科
002062.SZ,002062,宏润建设
002063.SZ,002063,远光软件
002064.SZ,002064,华峰氨纶
002065.SZ,002065,东华软件
002066.SZ,002066,瑞泰科技
002067.SZ,002067,景兴纸业
002068.SZ,002068,黑猫股份
002073.SZ,002073,软控股份
002074.SZ,002074,国轩高科
002075.SZ,002075,沙钢股份
002078.SZ,002078,太阳纸业
002079.SZ,002079,苏州固锝
002080.SZ,002080,中材科技
002081.SZ,002081,金螳螂
002082.SZ,002082,万邦德
002083.SZ,002083,孚日股份
002084.SZ,002084,海鸥住工
002085.SZ,002085,万丰奥威
002087.SZ,002087,新野纺织
002088.SZ,002088,鲁阳节能
002090.SZ,002090,金智科技
002091.SZ,002091,江苏国泰
002092.SZ,002092,中泰化学
002093.SZ,002093,国脉科技
002094.SZ,002094,青岛金王
002095.SZ,002095,生意宝
002096.SZ,002096,南岭民爆
002097.SZ,002097,山河智能
002098.SZ,002098,浔兴股份
002099.SZ,002099,海翔药业
002100.SZ,002100,天康生物
002101.SZ,002101,广东鸿图
002103.SZ,002103,广博股份
002104.SZ,002104,恒宝股份
002106.SZ,002106,莱宝高科
002107.SZ,002107,沃华医药
002108.SZ,002108,沧州明珠
002109.SZ,002109,兴化股份
002110.SZ,002110,三钢闽光
002111.SZ,002111,威海广泰
002115.SZ,002115,三维通信
002116.SZ,002116,中国海诚
002117.SZ,002117,东港股份
002118.SZ,002118,紫鑫药业
002119.SZ,002119,康强电子
002120.SZ,002120,韵达股份
002123.SZ,002123,梦网集团
002124.SZ,002124,天邦股份
002125.SZ,002125,湘潭电化
002126.SZ,002126,银轮股份
002127.SZ,002127,南极电商
002128.SZ,002128,露天煤业
002129.SZ,002129,中环股份
002130.SZ,002130,沃尔核材
002131.SZ,002131,利欧股份
002133.SZ,002133,广宇集团
002134.SZ,002134,天津普林
002135.SZ,002135,东南网架
002136.SZ,002136,安纳达
002137.SZ,002137,麦达数字
002138.SZ,002138,顺络电子
002139.SZ,002139,拓邦股份
002141.SZ,002141,贤丰控股
002142.SZ,002142,宁波银行
002144.SZ,002144,宏达高科
002145.SZ,002145,中核钛白
002146.SZ,002146,荣盛发展
002148.SZ,002148,北纬科技
002149.SZ,002149,西部材料
002150.SZ,002150,通润装备
002151.SZ,002151,北斗星通
002152.SZ,002152,广电运通
002153.SZ,002153,石基信息
002154.SZ,002154,报喜鸟
002155.SZ,002155,湖南黄金
002156.SZ,002156,通富微电
002157.SZ,002157,正邦科技
002158.SZ,002158,汉钟精机
002159.SZ,002159,三特索道
002160.SZ,002160,常铝股份
002162.SZ,002162,悦心健康
002165.SZ,002165,红宝丽
002166.SZ,002166,莱茵生物
002168.SZ,002168,惠程科技
002169.SZ,002169,智光电气
002171.SZ,002171,楚江新材
002173.SZ,002173,创新医疗
002174.SZ,002174,游族网络
002177.SZ,002177,御银股份
002178.SZ,002178,延华智能
002179.SZ,002179,中航光电
002180.SZ,002180,纳思达
002181.SZ,002181,粤传媒
002182.SZ,002182,云海金属
002183.SZ,002183,怡亚通
002185.SZ,002185,华天科技
002186.SZ,002186,全聚德
002187.SZ,002187,广百股份
002189.SZ,002189,中光学
002191.SZ,002191,劲嘉股份
002193.SZ,002193,如意集团
002195.SZ,002195,二三四五
002196.SZ,002196,方正电机
002197.SZ,002197,证通电子
002202.SZ,002202,金风科技
002203.SZ,002203,海亮股份
002205.SZ,002205,国统股份
002206.SZ,002206,海利得
002208.SZ,002208,合肥城建
002209.SZ,002209,达意隆
002211.SZ,002211,宏达新材
002212.SZ,002212,天融信
002213.SZ,002213,大为股份
002214.SZ,002214,大立科技
002215.SZ,002215,诺普信
002216.SZ,002216,三全食品
002217.SZ,002217,合力泰
002218.SZ,002218,拓日新能
002221.SZ,002221,东华能源
002222.SZ,002222,福晶科技
002223.SZ,002223,鱼跃医疗
002224.SZ,002224,三力士
002225.SZ,002225,濮耐股份
002226.SZ,002226,江南化工
002227.SZ,002227,奥特迅
002228.SZ,002228,合兴包装
002229.SZ,002229,鸿博股份
002230.SZ,002230,科大讯飞
002232.SZ,002232,启明信息
002233.SZ,002233,塔牌集团
002234.SZ,002234,民和股份
002236.SZ,002236,大华股份
002237.SZ,002237,恒邦股份
002238.SZ,002238,天威视讯
002239.SZ,002239,奥特佳
002240.SZ,002240,盛新锂能
002241.SZ,002241,歌尔股份
002242.SZ,002242,九阳股份
002243.SZ,002243,通产丽星
002244.SZ,002244,滨江集团
002245.SZ,002245,澳洋顺昌
002246.SZ,002246,北化股份
002249.SZ,002249,大洋电机
002250.SZ,002250,联化科技
002251.SZ,002251,步步高
002253.SZ,002253,川大智胜
002254.SZ,002254,泰和新材
002258.SZ,002258,利尔化学
002262.SZ,002262,恩华药业
002265.SZ,002265,西仪股份
002266.SZ,002266,浙富控股
002267.SZ,002267,陕天然气
002268.SZ,002268,卫士通
002270.SZ,002270,华明装备
002271.SZ,002271,东方雨虹
002272.SZ,002272,川润股份
002273.SZ,002273,水晶光电
002274.SZ,002274,华昌化工
002275.SZ,002275,桂林三金
002276.SZ,002276,万马股份
002277.SZ,002277,友阿股份
002278.SZ,002278,神开股份
002279.SZ,002279,久其软件
002281.SZ,002281,光迅科技
002282.SZ,002282,博深股份
002283.SZ,002283,天润工业
002284.SZ,002284,亚太股份
002285.SZ,002285,世联行
002286.SZ,002286,保龄宝
002287.SZ,002287,奇正藏药
002288.SZ,002288,超华科技
002293.SZ,002293,罗莱生活
002294.SZ,002294,信立泰
002295.SZ,002295,精艺股份
002296.SZ,002296,辉煌科技
002298.SZ,002298,中电兴发
002299.SZ,002299,圣农发展
002300.SZ,002300,太阳电缆
002301.SZ,002301,齐心集团
002302.SZ,002302,西部建设
002303.SZ,002303,美盈森
002304.SZ,002304,洋河股份
002305.SZ,002305,南国置业
002307.SZ,002307,北新路桥
002308.SZ,002308,威创股份
002309.SZ,002309,中利集团
002310.SZ,002310,东方园林
002311.SZ,002311,海大集团
002313.SZ,002313,日海智能
002314.SZ,002314,南山控股
002315.SZ,002315,焦点科技
002316.SZ,002316,亚联发展
002317.SZ,002317,众生药业
002318.SZ,002318,久立特材
002320.SZ,002320,海峡股份
002321.SZ,002321,华英农业
002322.SZ,002322,理工环科
002324.SZ,002324,普利特
002325.SZ,002325,洪涛股份
002326.SZ,002326,永太科技
002327.SZ,002327,富安娜
002328.SZ,002328,新朋股份
002330.SZ,002330,得利斯
002331.SZ,002331,皖通科技
002332.SZ,002332,仙琚制药
002334.SZ,002334,英威腾
002335.SZ,002335,科华恒盛
002338.SZ,002338,奥普光电
002339.SZ,002339,积成电子
002340.SZ,002340,格林美
002341.SZ,002341,新纶科技
002343.SZ,002343,慈文传媒
002344.SZ,002344,海宁皮城
002345.SZ,002345,潮宏基
002346.SZ,002346,柘中股份
002348.SZ,002348,高乐股份
002349.SZ,002349,精华制药
002350.SZ,002350,北京科锐
002351.SZ,002351,漫步者
002352.SZ,002352,顺丰控股
002353.SZ,002353,杰瑞股份
002355.SZ,002355,兴民智通
002357.SZ,002357,富临运业
002358.SZ,002358,森源电气
002360.SZ,002360,同德化工
002361.SZ,002361,神剑股份
002362.SZ,002362,汉王科技
002363.SZ,002363,隆基机械
002364.SZ,002364,中恒电气
002365.SZ,002365,永安药业
002366.SZ,002366,台海核电
002367.SZ,002367,康力电梯
002368.SZ,002368,太极股份
002369.SZ,002369,卓翼科技
002370.SZ,002370,亚太药业
002371.SZ,002371,北方华创
002372.SZ,002372,伟星新材
002373.SZ,002373,千方科技
002374.SZ,002374,丽鹏股份
002375.SZ,002375,亚厦股份
002376.SZ,002376,新北洋
002377.SZ,002377,国创高新
002378.SZ,002378,章源钨业
002379.SZ,002379,宏创控股
002380.SZ,002380,科远智慧
002381.SZ,002381,双箭股份
002382.SZ,002382,蓝帆医疗
002383.SZ,002383,合众思壮
002384.SZ,002384,东山精密
002385.SZ,002385,大北农
002386.SZ,002386,天原集团
002388.SZ,002388,新亚制程
002389.SZ,002389,航天彩虹
002390.SZ,002390,信邦制药
002391.SZ,002391,长青股份
002392.SZ,002392,北京利尔
002393.SZ,002393,力生制药
002394.SZ,002394,联发股份
002395.SZ,002395,双象股份
002396.SZ,002396,星网锐捷
002397.SZ,002397,梦洁股份
002398.SZ,002398,垒知集团
002399.SZ,002399,海普瑞
002401.SZ,002401,中远海科
002402.SZ,002402,和而泰
002403.SZ,002403,爱仕达
002404.SZ,002404,嘉欣丝绸
002405.SZ,002405,四维图新
002406.SZ,002406,远东传动
002407.SZ,002407,多氟多
002408.SZ,002408,齐翔腾达
002409.SZ,002409,雅克科技
002410.SZ,002410,广联达
002411.SZ,002411,延安必康
002412.SZ,002412,汉森制药
002413.SZ,002413,雷科防务
002414.SZ,002414,高德红外
002415.SZ,002415,海康威视
002416.SZ,002416,爱施德
002419.SZ,002419,天虹股份
002421.SZ,002421,达实智能
002422.SZ,002422,科伦药业
002424.SZ,002424,贵州百灵
002425.SZ,002425,凯撒文化
002428.SZ,002428,云南锗业
002429.SZ,002429,兆驰股份
002430.SZ,002430,杭氧股份
002431.SZ,002431,棕榈股份
002433.SZ,002433,太安堂
002434.SZ,002434,万里扬
002435.SZ,002435,长江健康
002436.SZ,002436,兴森科技
002437.SZ,002437,誉衡药业
002438.SZ,002438,江苏神通
002439.SZ,002439,启明星辰
002440.SZ,002440,闰土股份
002441.SZ,002441,众业达
002442.SZ,002442,龙星化工
002443.SZ,002443,金洲管道
002444.SZ,002444,巨星科技
002446.SZ,002446,盛路通信
002448.SZ,002448,中原内配
002449.SZ,002449,国星光电
002451.SZ,002451,摩恩电气
002453.SZ,002453,华软科技
002454.SZ,002454,松芝股份
002455.SZ,002455,百川股份
002456.SZ,002456,欧菲光
002457.SZ,002457,青龙管业
002458.SZ,002458,益生股份
002459.SZ,002459,晶澳科技
002460.SZ,002460,赣锋锂业
002461.SZ,002461,珠江啤酒
002462.SZ,002462,嘉事堂
002463.SZ,002463,沪电股份
002464.SZ,002464,众应互联
002465.SZ,002465,海格通信
002466.SZ,002466,天齐锂业
002467.SZ,002467,二六三
002468.SZ,002468,申通快递
002469.SZ,002469,三维工程
002471.SZ,002471,中超控股
002472.SZ,002472,双环传动
002474.SZ,002474,榕基软件
002475.SZ,002475,立讯精密
002476.SZ,002476,宝莫股份
002478.SZ,002478,常宝股份
002479.SZ,002479,富春环保
002480.SZ,002480,新筑股份
002481.SZ,002481,双塔食品
002482.SZ,002482,广田集团
002483.SZ,002483,润邦股份
002484.SZ,002484,江海股份
002485.SZ,002485,希努尔
002486.SZ,002486,嘉麟杰
002487.SZ,002487,大金重工
002488.SZ,002488,金固股份
002490.SZ,002490,山东墨龙
002491.SZ,002491,通鼎互联
002492.SZ,002492,恒基达鑫
002493.SZ,002493,荣盛石化
002495.SZ,002495,佳隆股份
002497.SZ,002497,雅化集团
002498.SZ,002498,汉缆股份
002500.SZ,002500,山西证券
002503.SZ,002503,搜于特
002505.SZ,002505,大康农业
002507.SZ,002507,涪陵榨菜
002508.SZ,002508,老板电器
002510.SZ,002510,天汽模
002511.SZ,002511,中顺洁柔
002514.SZ,002514,宝馨科技
002516.SZ,002516,旷达科技
002517.SZ,002517,恺英网络
002518.SZ,002518,科士达
002519.SZ,002519,银河电子
002520.SZ,002520,日发精机
002521.SZ,002521,齐峰新材
002523.SZ,002523,天桥起重
002524.SZ,002524,光正眼科
002526.SZ,002526,山东矿机
002527.SZ,002527,新时达
002528.SZ,002528,英飞拓
002530.SZ,002530,金财互联
002531.SZ,002531,天顺风能
002532.SZ,002532,天山铝业
002533.SZ,002533,金杯电工
002534.SZ,002534,杭锅股份
002536.SZ,002536,飞龙股份
002537.SZ,002537,海联金汇
002538.SZ,002538,司尔特
002539.SZ,002539,云图控股
002540.SZ,002540,亚太科技
002541.SZ,002541,鸿路钢构
002542.SZ,002542,中化岩土
002543.SZ,002543,万和电气
002544.SZ,002544,杰赛科技
002545.SZ,002545,东方铁塔
002546.SZ,002546,新联电子
002549.SZ,002549,凯美特气
002550.SZ,002550,千红制药
002551.SZ,002551,尚荣医疗
002553.SZ,002553,南方轴承
002554.SZ,002554,惠博普
002555.SZ,002555,三七互娱
002556.SZ,002556,辉隆股份
002557.SZ,002557,洽洽食品
002558.SZ,002558,巨人网络
002559.SZ,002559,亚威股份
002560.SZ,002560,通达股份
002561.SZ,002561,徐家汇
002562.SZ,002562,兄弟科技
002563.SZ,002563,森马服饰
002564.SZ,002564,天沃科技
002565.SZ,002565,顺灏股份
002566.SZ,002566,益盛药业
002567.SZ,002567,唐人神
002568.SZ,002568,百润股份
002572.SZ,002572,索菲亚
002573.SZ,002573,清新环境
002574.SZ,002574,明牌珠宝
002576.SZ,002576,通达动力
002577.SZ,002577,雷柏科技
002578.SZ,002578,闽发铝业
002579.SZ,002579,中京电子
002580.SZ,002580,圣阳股份
002581.SZ,002581,未名医药
002582.SZ,002582,好想你
002583.SZ,002583,海能达
002584.SZ,002584,西陇科学
002585.SZ,002585,双星新材
002587.SZ,002587,奥拓电子
002588.SZ,002588,史丹利
002589.SZ,002589,瑞康医药
002590.SZ,002590,万安科技
002591.SZ,002591,恒大高新
002593.SZ,002593,日上集团
002594.SZ,002594,比亚迪
002595.SZ,002595,豪迈科技
002596.SZ,002596,海南瑞泽
002597.SZ,002597,金禾实业
002598.SZ,002598,山东章鼓
002599.SZ,002599,盛通股份
002600.SZ,002600,领益智造
002601.SZ,002601,龙蟒佰利
002602.SZ,002602,世纪华通
002603.SZ,002603,以岭药业
002605.SZ,002605,姚记科技
002607.SZ,002607,中公教育
002608.SZ,002608,江苏国信
002609.SZ,002609,捷顺科技
002610.SZ,002610,爱康科技
002611.SZ,002611,东方精工
002612.SZ,002612,朗姿股份
002613.SZ,002613,北玻股份
002614.SZ,002614,奥佳华
002615.SZ,002615,哈尔斯
002616.SZ,002616,长青集团
002617.SZ,002617,露笑科技
002618.SZ,002618,丹邦科技
002619.SZ,002619,艾格拉斯
002620.SZ,002620,瑞和股份
002621.SZ,002621,美吉姆
002622.SZ,002622,融钰集团
002623.SZ,002623,亚玛顿
002624.SZ,002624,完美世界
002625.SZ,002625,光启技术
002626.SZ,002626,金达威
002627.SZ,002627,宜昌交运
002628.SZ,002628,成都路桥
002630.SZ,002630,华西能源
002631.SZ,002631,德尔未来
002632.SZ,002632,道明光学
002634.SZ,002634,棒杰股份
002635.SZ,002635,安洁科技
002636.SZ,002636,金安国纪
002637.SZ,002637,赞宇科技
002640.SZ,002640,跨境通
002641.SZ,002641,永高股份
002643.SZ,002643,万润股份
002644.SZ,002644,佛慈制药
002645.SZ,002645,华宏科技
002648.SZ,002648,卫星石化
002649.SZ,002649,博彦科技
002651.SZ,002651,利君股份
002652.SZ,002652,扬子新材
002653.SZ,002653,海思科
002654.SZ,002654,万润科技
002658.SZ,002658,雪迪龙
002659.SZ,002659,凯文教育
002660.SZ,002660,茂硕电源
002661.SZ,002661,克明面业
002662.SZ,002662,京威股份
002663.SZ,002663,普邦股份
002664.SZ,002664,长鹰信质
002666.SZ,002666,德联集团
002667.SZ,002667,鞍重股份
002668.SZ,002668,奥马电器
002669.SZ,002669,康达新材
002671.SZ,002671,龙泉股份
002672.SZ,002672,东江环保
002673.SZ,002673,西部证券
002674.SZ,002674,兴业科技
002675.SZ,002675,东诚药业
002677.SZ,002677,浙江美大
002678.SZ,002678,珠江钢琴
002679.SZ,002679,福建金森
002682.SZ,002682,龙洲股份
002683.SZ,002683,宏大爆破
002685.SZ,002685,华东重机
002686.SZ,002686,亿利达
002687.SZ,002687,乔治白
002688.SZ,002688,金河生物
002690.SZ,002690,美亚光电
002691.SZ,002691,冀凯股份
002694.SZ,002694,顾地科技
002695.SZ,002695,煌上煌
002696.SZ,002696,百洋股份
002697.SZ,002697,红旗连锁
002698.SZ,002698,博实股份
002701.SZ,002701,奥瑞金
002702.SZ,002702,海欣食品
002705.SZ,002705,新宝股份
002706.SZ,002706,良信股份
002707.SZ,002707,众信旅游
002708.SZ,002708,光洋股份
002709.SZ,002709,天赐材料
002712.SZ,002712,思美传媒
002713.SZ,002713,东易日盛
002714.SZ,002714,牧原股份
002715.SZ,002715,登云股份
002717.SZ,002717,岭南股份
002718.SZ,002718,友邦吊顶
002721.SZ,002721,金一文化
002722.SZ,002722,金轮股份
002724.SZ,002724,海洋王
002725.SZ,002725,跃岭股份
002726.SZ,002726,龙大肉食
002727.SZ,002727,一心堂
002728.SZ,002728,特一药业
002729.SZ,002729,好利来
002730.SZ,002730,电光科技
002731.SZ,002731,萃华珠宝
002732.SZ,002732,燕塘乳业
002733.SZ,002733,雄韬股份
002734.SZ,002734,利民股份
002735.SZ,002735,王子新材
002736.SZ,002736,国信证券
002737.SZ,002737,葵花药业
002738.SZ,002738,中矿资源
002739.SZ,002739,万达电影
002740.SZ,002740,爱迪尔
002741.SZ,002741,光华科技
002742.SZ,002742,三圣股份
002743.SZ,002743,富煌钢构
002745.SZ,002745,木林森
002746.SZ,002746,仙坛股份
002747.SZ,002747,埃斯顿
002748.SZ,002748,世龙实业
002749.SZ,002749,国光股份
002750.SZ,002750,龙津药业
002751.SZ,002751,易尚展示
002752.SZ,002752,昇兴股份
002753.SZ,002753,永东股份
002755.SZ,002755,奥赛康
002756.SZ,002756,永兴材料
002757.SZ,002757,南兴股份
002758.SZ,002758,华通医药
002761.SZ,002761,多喜爱
002762.SZ,002762,金发拉比
002763.SZ,002763,汇洁股份
002765.SZ,002765,蓝黛科技
002767.SZ,002767,先锋电子
002768.SZ,002768,国恩股份
002769.SZ,002769,普路通
002771.SZ,002771,真视通
002772.SZ,002772,众兴菌业
002773.SZ,002773,康弘药业
002775.SZ,002775,文科园林
002776.SZ,002776,柏堡龙
002777.SZ,002777,久远银海
002778.SZ,002778,高科石化
002779.SZ,002779,中坚科技
002781.SZ,002781,奇信股份
002782.SZ,002782,可立克
002783.SZ,002783,凯龙股份
002786.SZ,002786,银宝山新
002787.SZ,002787,华源控股
002788.SZ,002788,鹭燕医药
002789.SZ,002789,建艺集团
002790.SZ,002790,瑞尔特
002791.SZ,002791,坚朗五金
002792.SZ,002792,通宇通讯
002793.SZ,002793,罗欣药业
002795.SZ,002795,永和智控
002796.SZ,002796,世嘉科技
002797.SZ,002797,第一创业
002798.SZ,002798,帝欧家居
002799.SZ,002799,环球印务
002800.SZ,002800,天顺股份
002801.SZ,002801,微光股份
002802.SZ,002802,洪汇新材
002803.SZ,002803,吉宏股份
002805.SZ,002805,丰元股份
002806.SZ,002806,华锋股份
002807.SZ,002807,江阴银行
002808.SZ,002808,恒久科技
002809.SZ,002809,红墙股份
002810.SZ,002810,山东赫达
002811.SZ,002811,郑中设计
002812.SZ,002812,恩捷股份
002815.SZ,002815,崇达技术
002816.SZ,002816,和科达
002817.SZ,002817,黄山胶囊
002818.SZ,002818,富森美
002819.SZ,002819,东方中科
002820.SZ,002820,桂发祥
002821.SZ,002821,凯莱英
002822.SZ,002822,中装建设
002823.SZ,002823,凯中精密
002825.SZ,002825,纳尔股份
002826.SZ,002826,易明医药
002827.SZ,002827,高争民爆
002828.SZ,002828,贝肯能源
002829.SZ,002829,星网宇达
002830.SZ,002830,名雕股份
002831.SZ,002831,裕同科技
002832.SZ,002832,比音勒芬
002833.SZ,002833,弘亚数控
002836.SZ,002836,新宏泽
002837.SZ,002837,英维克
300001.SZ,300001,特锐德
300003.SZ,300003,乐普医疗
300006.SZ,300006,莱美药业
300007.SZ,300007,汉威科技
300009.SZ,300009,安科生物
300010.SZ,300010,豆神教育
300011.SZ,300011,鼎汉技术
300012.SZ,300012,华测检测
300013.SZ,300013,新宁物流
300014.SZ,300014,亿纬锂能
300015.SZ,300015,爱尔眼科
300016.SZ,300016,北陆药业
300017.SZ,300017,网宿科技
300018.SZ,300018,中元股份
300019.SZ,300019,硅宝科技
300020.SZ,300020,银江股份
300021.SZ,300021,大禹节水
300024.SZ,300024,机器人
300026.SZ,300026,红日药业
300027.SZ,300027,华谊兄弟
300031.SZ,300031,宝通科技
300033.SZ,300033,同花顺
300034.SZ,300034,钢研高纳
300035.SZ,300035,中科电气
300036.SZ,300036,超图软件
300037.SZ,300037,新宙邦
300038.SZ,300038,数知科技
300039.SZ,300039,上海凯宝
300040.SZ,300040,九洲集团
300041.SZ,300041,回天新材
300042.SZ,300042,朗科科技
300043.SZ,300043,星辉娱乐
300044.SZ,300044,赛为智能
300045.SZ,300045,华力创通
300046.SZ,300046,台基股份
300047.SZ,300047,天源迪科
300048.SZ,300048,合康新能
300049.SZ,300049,福瑞股份
300050.SZ,300050,世纪鼎利
300051.SZ,300051,三五互联
300052.SZ,300052,中青宝
300053.SZ,300053,欧比特
300054.SZ,300054,鼎龙股份
300055.SZ,300055,万邦达
300056.SZ,300056,中创环保
300057.SZ,300057,万顺新材
300058.SZ,300058,蓝色光标
300059.SZ,300059,东方财富
300061.SZ,300061,旗天科技
300065.SZ,300065,海兰信
300066.SZ,300066,三川智慧
300067.SZ,300067,安诺其
300068.SZ,300068,南都电源
300070.SZ,300070,碧水源
300072.SZ,300072,三聚环保
300073.SZ,300073,当升科技
300074.SZ,300074,华平股份
300075.SZ,300075,数字政通
300078.SZ,300078,思创医惠
300079.SZ,300079,数码科技
300081.SZ,300081,恒信东方
300082.SZ,300082,奥克股份
300085.SZ,300085,银之杰
300086.SZ,300086,康芝药业
300087.SZ,300087,荃银高科
300088.SZ,300088,长信科技
300089.SZ,300089,文化长城
300091.SZ,300091,金通灵
300092.SZ,300092,科新机电
300093.SZ,300093,金刚玻璃
300094.SZ,300094,国联水产
300095.SZ,300095,华伍股份
300096.SZ,300096,易联众
300097.SZ,300097,智云股份
300098.SZ,300098,高新兴
300100.SZ,300100,双林股份
300101.SZ,300101,振芯科技
300102.SZ,300102,乾照光电
300103.SZ,300103,达刚控股
300105.SZ,300105,龙源技术
300107.SZ,300107,建新股份
300108.SZ,300108,吉药控股
300109.SZ,300109,新开源
300110.SZ,300110,华仁药业
300112.SZ,300112,万讯自控
300113.SZ,300113,顺网科技
300114.SZ,300114,中航电测
300115.SZ,300115,长盈精密
300117.SZ,300117,嘉寓股份
300118.SZ,300118,东方日升
300119.SZ,300119,瑞普生物
300120.SZ,300120,经纬辉开
300121.SZ,300121,阳谷华泰
300122.SZ,300122,智飞生物
300123.SZ,300123,亚光科技
300124.SZ,300124,汇川技术
300127.SZ,300127,银河磁体
300128.SZ,300128,锦富技术
300129.SZ,300129,泰胜风能
300130.SZ,300130,新国都
300131.SZ,300131,英唐智控
300132.SZ,300132,青松股份
300133.SZ,300133,华策影视
300135.SZ,300135,宝利国际
300136.SZ,300136,信维通信
300137.SZ,300137,先河环保
300138.SZ,300138,晨光生物
300139.SZ,300139,晓程科技
300140.SZ,300140,中环装备
300142.SZ,300142,沃森生物
300143.SZ,300143,盈康生命
300144.SZ,300144,宋城演艺
300145.SZ,300145,中金环境
300146.SZ,300146,汤臣倍健
300147.SZ,300147,香雪制药
300148.SZ,300148,天舟文化
300149.SZ,300149,睿智医药
300150.SZ,300150,世纪瑞尔
300151.SZ,300151,昌红科技
300153.SZ,300153,科泰电源
300154.SZ,300154,瑞凌股份
300155.SZ,300155,安居宝
300158.SZ,300158,振东制药
300159.SZ,300159,新研股份
300160.SZ,300160,秀强股份
300162.SZ,300162,雷曼光电
300164.SZ,300164,通源石油
300165.SZ,300165,天瑞仪器
300166.SZ,300166,东方国信
300168.SZ,300168,万达信息
300170.SZ,300170,汉得信息
300171.SZ,300171,东富龙
300172.SZ,300172,中电环保
300173.SZ,300173,福能东方
300174.SZ,300174,元力股份
300175.SZ,300175,朗源股份
300176.SZ,300176,派生科技
300177.SZ,300177,中海达
300178.SZ,300178,腾邦国际
300179.SZ,300179,四方达
300180.SZ,300180,华峰超纤
300181.SZ,300181,佐力药业
300182.SZ,300182,捷成股份
300183.SZ,300183,东软载波
300184.SZ,300184,力源信息
300185.SZ,300185,通裕重工
300187.SZ,300187,永清环保
300188.SZ,300188,美亚柏科
300189.SZ,300189,神农科技
300190.SZ,300190,维尔利
300191.SZ,300191,潜能恒信
300192.SZ,300192,科斯伍德
300193.SZ,300193,佳士科技
300194.SZ,300194,福安药业
300195.SZ,300195,长荣股份
300196.SZ,300196,长海股份
300197.SZ,300197,铁汉生态
300198.SZ,300198,纳川股份
300199.SZ,300199,翰宇药业
300200.SZ,300200,高盟新材
300201.SZ,300201,海伦哲
300202.SZ,300202,聚龙股份
300203.SZ,300203,聚光科技
300204.SZ,300204,舒泰神
300205.SZ,300205,天喻信息
300206.SZ,300206,理邦仪器
300207.SZ,300207,欣旺达
300208.SZ,300208,青岛中程
300209.SZ,300209,天泽信息
300210.SZ,300210,森远股份
300211.SZ,300211,亿通科技
300212.SZ,300212,易华录
300213.SZ,300213,佳讯飞鸿
300214.SZ,300214,日科化学
300215.SZ,300215,电科院
300217.SZ,300217,东方电热
300219.SZ,300219,鸿利智汇
300221.SZ,300221,银禧科技
300222.SZ,300222,科大智能
300223.SZ,300223,北京君正
300224.SZ,300224,正海磁材
300225.SZ,300225,金力泰
300226.SZ,300226,上海钢联
300227.SZ,300227,光韵达
300229.SZ,300229,拓尔思
300230.SZ,300230,永利股份
300231.SZ,300231,银信科技
300232.SZ,300232,洲明科技
300233.SZ,300233,金城医药
300234.SZ,300234,开尔新材
300235.SZ,300235,方直科技
300236.SZ,300236,上海新阳
300237.SZ,300237,美晨生态
300238.SZ,300238,冠昊生物
300239.SZ,300239,东宝生物
300240.SZ,300240,飞力达
300241.SZ,300241,瑞丰光电
300242.SZ,300242,佳云科技
300243.SZ,300243,瑞丰高材
300244.SZ,300244,迪安诊断
300245.SZ,300245,天玑科技
300246.SZ,300246,宝莱特
300247.SZ,300247,融捷健康
300248.SZ,300248,新开普
300249.SZ,300249,依米康
300250.SZ,300250,初灵信息
300251.SZ,300251,光线传媒
300252.SZ,300252,金信诺
300253.SZ,300253,卫宁健康
300254.SZ,300254,仟源医药
300255.SZ,300255,常山药业
300256.SZ,300256,星星科技
300257.SZ,300257,开山股份
300258.SZ,300258,精锻科技
300259.SZ,300259,新天科技
300260.SZ,300260,新莱应材
300261.SZ,300261,雅本化学
300262.SZ,300262,巴安水务
300263.SZ,300263,隆华科技
300265.SZ,300265,通光线缆
300267.SZ,300267,尔康制药
300268.SZ,300268,佳沃股份
300271.SZ,300271,华宇软件
300272.SZ,300272,开能健康
300273.SZ,300273,和佳医疗
300274.SZ,300274,阳光电源
300275.SZ,300275,梅安森
300276.SZ,300276,三丰智能
300277.SZ,300277,海联讯
300280.SZ,300280,紫天科技
300281.SZ,300281,金明精机
300282.SZ,300282,三盛教育
300283.SZ,300283,温州宏丰
300284.SZ,300284,苏交科
300285.SZ,300285,国瓷材料
300286.SZ,300286,安科瑞
300287.SZ,300287,飞利信
300288.SZ,300288,朗玛信息
300289.SZ,300289,利德曼
300290.SZ,300290,荣科科技
300292.SZ,300292,吴通控股
300293.SZ,300293,蓝英装备
300294.SZ,300294,博雅生物
300295.SZ,300295,三六五网
300296.SZ,300296,利亚德
300297.SZ,300297,蓝盾股份
300298.SZ,300298,三诺生物
300300.SZ,300300,海峡创新
300301.SZ,300301,长方集团
300302.SZ,300302,同有科技
300303.SZ,300303,聚飞光电
300304.SZ,300304,云意电气
300305.SZ,300305,裕兴股份
300306.SZ,300306,远方信息
300307.SZ,300307,慈星股份
300308.SZ,300308,中际旭创
300309.SZ,300309,吉艾科技
300311.SZ,300311,任子行
300314.SZ,300314,戴维医疗
300315.SZ,300315,掌趣科技
300316.SZ,300316,晶盛机电
300317.SZ,300317,珈伟新能
300318.SZ,300318,博晖创新
300320.SZ,300320,海达股份
300321.SZ,300321,同大股份
300322.SZ,300322,硕贝德
300323.SZ,300323,华灿光电
300324.SZ,300324,旋极信息
300325.SZ,300325,德威新材
300326.SZ,300326,凯利泰
300327.SZ,300327,中颖电子
300328.SZ,300328,宜安科技
300329.SZ,300329,海伦钢琴
300331.SZ,300331,苏大维格
300332.SZ,300332,天壕环境
300333.SZ,300333,兆日科技
300335.SZ,300335,迪森股份
300336.SZ,300336,新文化
300337.SZ,300337,银邦股份
300338.SZ,300338,开元股份
300339.SZ,300339,润和软件
300340.SZ,300340,科恒股份
300341.SZ,300341,麦克奥迪
300342.SZ,300342,天银机电
300343.SZ,300343,联创股份
300344.SZ,300344,太空智造
300346.SZ,300346,南大光电
300347.SZ,300347,泰格医药
300348.SZ,300348,长亮科技
300349.SZ,300349,金卡智能
300350.SZ,300350,华鹏飞
300351.SZ,300351,永贵电器
300352.SZ,300352,北信源
300353.SZ,300353,东土科技
300354.SZ,300354,东华测试
300355.SZ,300355,蒙草生态
300357.SZ,300357,我武生物
300358.SZ,300358,楚天科技
300359.SZ,300359,全通教育
300360.SZ,300360,炬华科技
300363.SZ,300363,博腾股份
300364.SZ,300364,中文在线
300365.SZ,300365,恒华科技
300366.SZ,300366,创意信息
300370.SZ,300370,安控科技
300371.SZ,300371,汇中股份
300373.SZ,300373,扬杰科技
300374.SZ,300374,中铁装配
300375.SZ,300375,鹏翎股份
300376.SZ,300376,易事特
300377.SZ,300377,赢时胜
300378.SZ,300378,鼎捷软件
300380.SZ,300380,安硕信息
300381.SZ,300381,溢多利
300382.SZ,300382,斯莱克
300383.SZ,300383,光环新网
300384.SZ,300384,三联虹普
300385.SZ,300385,雪浪环境
300386.SZ,300386,飞天诚信
300387.SZ,300387,富邦股份
300388.SZ,300388,国祯环保
300389.SZ,300389,艾比森
300390.SZ,300390,天华超净
300391.SZ,300391,康跃科技
300393.SZ,300393,中来股份
300394.SZ,300394,天孚通信
300395.SZ,300395,菲利华
300396.SZ,300396,迪瑞医疗
300398.SZ,300398,飞凯材料
300400.SZ,300400,劲拓股份
300401.SZ,300401,花园生物
300402.SZ,300402,宝色股份
300403.SZ,300403,汉宇集团
300405.SZ,300405,科隆股份
300406.SZ,300406,九强生物
300407.SZ,300407,凯发电气
300408.SZ,300408,三环集团
300409.SZ,300409,道氏技术
300410.SZ,300410,正业科技
300411.SZ,300411,金盾股份
300412.SZ,300412,迦南科技
300413.SZ,300413,芒果超媒
300414.SZ,300414,中光防雷
300415.SZ,300415,伊之密
300416.SZ,300416,苏试试验
300417.SZ,300417,南华仪器
300418.SZ,300418,昆仑万维
300419.SZ,300419,浩丰科技
300420.SZ,300420,五洋停车
300421.SZ,300421,力星股份
300422.SZ,300422,博世科
300423.SZ,300423,昇辉科技
300424.SZ,300424,航新科技
300425.SZ,300425,中建环能
300426.SZ,300426,唐德影视
300427.SZ,300427,红相股份
300428.SZ,300428,四通新材
300429.SZ,300429,强力新材
300430.SZ,300430,诚益通
300432.SZ,300432,富临精工
300433.SZ,300433,蓝思科技
300434.SZ,300434,金石亚药
300435.SZ,300435,中泰股份
300436.SZ,300436,广生堂
300437.SZ,300437,清水源
300438.SZ,300438,鹏辉能源
300439.SZ,300439,美康生物
300440.SZ,300440,运达科技
300441.SZ,300441,鲍斯股份
300443.SZ,300443,金雷股份
300444.SZ,300444,双杰电气
300445.SZ,300445,康斯特
300447.SZ,300447,全信股份
300448.SZ,300448,浩云科技
300449.SZ,300449,汉邦高科
300450.SZ,300450,先导智能
300451.SZ,300451,创业慧康
300452.SZ,300452,山河药辅
300453.SZ,300453,三鑫医疗
300455.SZ,300455,康拓红外
300456.SZ,300456,赛微电子
300457.SZ,300457,赢合科技
300458.SZ,300458,全志科技
300459.SZ,300459,金科文化
300460.SZ,300460,惠伦晶体
300461.SZ,300461,田中精机
300462.SZ,300462,华铭智能
300463.SZ,300463,迈克生物
300465.SZ,300465,高伟达
300466.SZ,300466,赛摩智能
300467.SZ,300467,迅游科技
300468.SZ,300468,四方精创
300469.SZ,300469,信息发展
300470.SZ,300470,中密控股
300472.SZ,300472,新元科技
300473.SZ,300473,德尔股份
300474.SZ,300474,景嘉微
300475.SZ,300475,聚隆科技
300476.SZ,300476,胜宏科技
300477.SZ,300477,合纵科技
300478.SZ,300478,杭州高新
300479.SZ,300479,神思电子
300480.SZ,300480,光力科技
300481.SZ,300481,濮阳惠成
300482.SZ,300482,万孚生物
300483.SZ,300483,沃施股份
300484.SZ,300484,蓝海华腾
300485.SZ,300485,赛升药业
300486.SZ,300486,东杰智能
300487.SZ,300487,蓝晓科技
300488.SZ,300488,恒锋工具
300489.SZ,300489,中飞股份
300490.SZ,300490,华自科技
300491.SZ,300491,通合科技
300492.SZ,300492,华图山鼎
300493.SZ,300493,润欣科技
300494.SZ,300494,盛天网络
300495.SZ,300495,美尚生态
300496.SZ,300496,中科创达
300497.SZ,300497,富祥药业
300498.SZ,300498,温氏股份
300499.SZ,300499,高澜股份
300500.SZ,300500,启迪设计
300501.SZ,300501,海顺新材
300502.SZ,300502,新易盛
300503.SZ,300503,昊志机电
300505.SZ,300505,川金诺
300506.SZ,300506,名家汇
300507.SZ,300507,苏奥传感
300508.SZ,300508,维宏股份
300509.SZ,300509,新美星
300510.SZ,300510,金冠股份
300511.SZ,300511,雪榕生物
300512.SZ,300512,中亚股份
300513.SZ,300513,恒实科技
300515.SZ,300515,三德科技
300516.SZ,300516,久之洋
300517.SZ,300517,海波重科
300518.SZ,300518,盛讯达
300519.SZ,300519,新光药业
300520.SZ,300520,科大国创
300521.SZ,300521,爱司凯
300522.SZ,300522,世名科技
300523.SZ,300523,辰安科技
300525.SZ,300525,博思软件
300526.SZ,300526,中潜股份
300527.SZ,300527,中船应急
300528.SZ,300528,幸福蓝海
300529.SZ,300529,健帆生物
300530.SZ,300530,达志科技
300531.SZ,300531,优博讯
300532.SZ,300532,今天国际
300533.SZ,300533,冰川网络
300534.SZ,300534,陇神戎发
300535.SZ,300535,达威股份
300536.SZ,300536,农尚环境
300537.SZ,300537,广信材料
300538.SZ,300538,同益股份
300539.SZ,300539,横河模具
300540.SZ,300540,深冷股份
300541.SZ,300541,先进数通
300542.SZ,300542,新晨科技
300543.SZ,300543,朗科智能
300545.SZ,300545,联得装备
300546.SZ,300546,雄帝科技
300547.SZ,300547,川环科技
300548.SZ,300548,博创科技
300549.SZ,300549,优德精密
300550.SZ,300550,和仁科技
300551.SZ,300551,古鳌科技
300552.SZ,300552,万集科技
300553.SZ,300553,集智股份
300555.SZ,300555,路通视信
300556.SZ,300556,丝路视觉
300558.SZ,300558,贝达药业
300559.SZ,300559,佳发教育
300560.SZ,300560,中富通
300561.SZ,300561,汇金科技
300562.SZ,300562,乐心医疗
300563.SZ,300563,神宇股份
300565.SZ,300565,科信技术
300566.SZ,300566,激智科技
300567.SZ,300567,精测电子
300568.SZ,300568,星源材质
300569.SZ,300569,天能重工
300570.SZ,300570,太辰光
300571.SZ,300571,平治信息
300572.SZ,300572,安车检测
300573.SZ,300573,兴齐眼药
300575.SZ,300575,中旗股份
300576.SZ,300576,容大感光
300577.SZ,300577,开润股份
300579.SZ,300579,数字认证
300581.SZ,300581,晨曦航空
300582.SZ,300582,英飞特
300585.SZ,300585,奥联电子
600000.SH,600000,浦发银行
600004.SH,600004,白云机场
600006.SH,600006,东风汽车
600007.SH,600007,中国国贸
600008.SH,600008,首创股份
600009.SH,600009,上海机场
600010.SH,600010,包钢股份
600011.SH,600011,华能国际
600012.SH,600012,皖通高速
600015.SH,600015,华夏银行
600016.SH,600016,民生银行
600017.SH,600017,日照港
600018.SH,600018,上港集团
600019.SH,600019,宝钢股份
600020.SH,600020,中原高速
600021.SH,600021,上海电力
600022.SH,600022,山东钢铁
600023.SH,600023,浙能电力
600026.SH,600026,中远海能
600027.SH,600027,华电国际
600028.SH,600028,中国石化
600029.SH,600029,南方航空
600030.SH,600030,中信证券
600031.SH,600031,三一重工
600033.SH,600033,福建高速
600035.SH,600035,楚天高速
600036.SH,600036,招商银行
600037.SH,600037,歌华有线
600038.SH,600038,中直股份
600039.SH,600039,四川路桥
600048.SH,600048,保利地产
600050.SH,600050,中国联通
600051.SH,600051,宁波联合
600052.SH,600052,浙江广厦
600053.SH,600053,九鼎投资
600054.SH,600054,黄山旅游
600055.SH,600055,万东医疗
600056.SH,600056,中国医药
600057.SH,600057,厦门象屿
600059.SH,600059,古越龙山
600060.SH,600060,海信视像
600061.SH,600061,国投资本
600062.SH,600062,华润双鹤
600063.SH,600063,皖维高新
600064.SH,600064,南京高科
600066.SH,600066,宇通客车
600067.SH,600067,冠城大通
600068.SH,600068,葛洲坝
600070.SH,600070,浙江富润
600071.SH,600071,凤凰光学
600072.SH,600072,中船科技
600073.SH,600073,上海梅林
600075.SH,600075,新疆天业
600076.SH,600076,康欣新材
600077.SH,600077,宋都股份
600078.SH,600078,澄星股份
600079.SH,600079,人福医药
600081.SH,600081,东风科技
600082.SH,600082,海泰发展
600085.SH,600085,同仁堂
600088.SH,600088,中视传媒
600089.SH,600089,特变电工
600093.SH,600093,易见股份
600094.SH,600094,大名城
600095.SH,600095,湘财股份
600096.SH,600096,云天化
600097.SH,600097,开创国际
600098.SH,600098,广州发展
600100.SH,600100,同方股份
600101.SH,600101,明星电力
600103.SH,600103,青山纸业
600104.SH,600104,上汽集团
600105.SH,600105,永鼎股份
600106.SH,600106,重庆路桥
600107.SH,600107,美尔雅
600108.SH,600108,亚盛集团
600109.SH,600109,国金证券
600110.SH,600110,诺德股份
600111.SH,600111,北方稀土
600113.SH,600113,浙江东日
600114.SH,600114,东睦股份
600115.SH,600115,东方航空
600116.SH,600116,三峡水利
600118.SH,600118,中国卫星
600120.SH,600120,浙江东方
600121.SH,600121,郑州煤电
600123.SH,600123,兰花科创
600125.SH,600125,铁龙物流
600126.SH,600126,杭钢股份
600129.SH,600129,太极集团
600131.SH,600131,国网信通
600132.SH,600132,重庆啤酒
600133.SH,600133,东湖高新
600135.SH,600135,乐凯胶片
600136.SH,600136,当代文体
600137.SH,600137,浪莎股份
600138.SH,600138,中青旅
600141.SH,600141,兴发集团
600143.SH,600143,金发科技
600148.SH,600148,长春一东
600152.SH,600152,维科技术
600153.SH,600153,建发股份
600155.SH,600155,华创阳安
600158.SH,600158,中体产业
600159.SH,600159,大龙地产
600160.SH,600160,巨化股份
600161.SH,600161,天坛生物
600162.SH,600162,香江控股
600163.SH,600163,中闽能源
600165.SH,600165,新日恒力
600167.SH,600167,联美控股
600168.SH,600168,武汉控股
600169.SH,600169,太原重工
600170.SH,600170,上海建工
600171.SH,600171,上海贝岭
600172.SH,600172,黄河旋风
600173.SH,600173,卧龙地产
600176.SH,600176,中国巨石
600178.SH,600178,东安动力
600180.SH,600180,瑞茂通
600182.SH,600182,S佳通
600183.SH,600183,生益科技
600184.SH,600184,光电股份
600185.SH,600185,格力地产
600187.SH,600187,国中水务
600188.SH,600188,兖州煤业
600189.SH,600189,泉阳泉
600190.SH,600190,锦州港
600192.SH,600192,长城电工
600195.SH,600195,中牧股份
600196.SH,600196,复星医药
600197.SH,600197,伊力特
600199.SH,600199,金种子酒
600200.SH,600200,江苏吴中
600201.SH,600201,生物股份
600206.SH,600206,有研新材
600208.SH,600208,新湖中宝
600210.SH,600210,紫江企业
600211.SH,600211,西藏药业
600213.SH,600213,亚星客车
600216.SH,600216,浙江医药
600217.SH,600217,中再资环
600218.SH,600218,全柴动力
600219.SH,600219,南山铝业
600220.SH,600220,江苏阳光
600221.SH,600221,海航控股
600222.SH,600222,太龙药业
600223.SH,600223,鲁商发展
600227.SH,600227,圣济堂
600229.SH,600229,城市传媒
600230.SH,600230,沧州大化
600231.SH,600231,凌钢股份
600232.SH,600232,金鹰股份
600233.SH,600233,圆通速递
600235.SH,600235,民丰特纸
600236.SH,600236,桂冠电力
600237.SH,600237,铜峰电子
600239.SH,600239,云南城投
600246.SH,600246,万通发展
600248.SH,600248,延长化建
600250.SH,600250,南纺股份
600251.SH,600251,冠农股份
600252.SH,600252,中恒集团
600256.SH,600256,广汇能源
600257.SH,600257,大湖股份
600258.SH,600258,首旅酒店
600260.SH,600260,凯乐科技
600261.SH,600261,阳光照明
600262.SH,600262,北方股份
600266.SH,600266,城建发展
600267.SH,600267,海正药业
600268.SH,600268,国电南自
600269.SH,600269,赣粤高速
600271.SH,600271,航天信息
600272.SH,600272,开开实业
600273.SH,600273,嘉化能源
600276.SH,600276,恒瑞医药
600277.SH,600277,亿利洁能
600278.SH,600278,东方创业
600279.SH,600279,重庆港九
600281.SH,600281,太化股份
600282.SH,600282,南钢股份
600283.SH,600283,钱江水利
600284.SH,600284,浦东建设
600285.SH,600285,羚锐制药
600287.SH,600287,江苏舜天
600288.SH,600288,大恒科技
600291.SH,600291,西水股份
600292.SH,600292,远达环保
600293.SH,600293,三峡新材
600295.SH,600295,鄂尔多斯
600297.SH,600297,广汇汽车
600298.SH,600298,安琪酵母
600299.SH,600299,安迪苏
600300.SH,600300,维维股份
600305.SH,600305,恒顺醋业
600307.SH,600307,酒钢宏兴
600308.SH,600308,华泰股份
600309.SH,600309,万华化学
600310.SH,600310,桂东电力
600312.SH,600312,平高电气
600315.SH,600315,上海家化
600316.SH,600316,洪都航空
600317.SH,600317,营口港
600320.SH,600320,振华重工
600321.SH,600321,正源股份
600322.SH,600322,天房发展
600323.SH,600323,瀚蓝环境
600325.SH,600325,华发股份
600326.SH,600326,西藏天路
600327.SH,600327,大东方
600328.SH,600328,中盐化工
600329.SH,600329,中新药业
600330.SH,600330,天通股份
600331.SH,600331,宏达股份
600332.SH,600332,白云山
600335.SH,600335,国机汽车
600336.SH,600336,澳柯玛
600337.SH,600337,美克家居
600338.SH,600338,西藏珠峰
600339.SH,600339,中油工程
600340.SH,600340,华夏幸福
600343.SH,600343,航天动力
600345.SH,600345,长江通信
600346.SH,600346,恒力石化
600348.SH,600348,阳泉煤业
600350.SH,600350,山东高速
600351.SH,600351,亚宝药业
600352.SH,600352,浙江龙盛
600353.SH,600353,旭光电子
600356.SH,600356,恒丰纸业
600360.SH,600360,华微电子
600361.SH,600361,华联综超
600362.SH,600362,江西铜业
600363.SH,600363,联创光电
600366.SH,600366,宁波韵升
600367.SH,600367,红星发展
600368.SH,600368,五洲交通
600369.SH,600369,西南证券
600370.SH,600370,三房巷
600371.SH,600371,万向德农
600372.SH,600372,中航电子
600373.SH,600373,中文传媒
600375.SH,600375,华菱星马
600376.SH,600376,首开股份
600377.SH,600377,宁沪高速
600378.SH,600378,昊华科技
600379.SH,600379,宝光股份
600380.SH,600380,健康元
600381.SH,600381,青海春天
600382.SH,600382,广东明珠
600383.SH,600383,金地集团
600386.SH,600386,北巴传媒
600387.SH,600387,海越能源
600388.SH,600388,龙净环保
600389.SH,600389,江山股份
600390.SH,600390,五矿资本
600392.SH,600392,盛和资源
600393.SH,600393,粤泰股份
600395.SH,600395,盘江股份
600398.SH,600398,海澜之家
600400.SH,600400,红豆股份
600403.SH,600403,大有能源
600405.SH,600405,动力源
600406.SH,600406,国电南瑞
600409.SH,600409,三友化工
600410.SH,600410,华胜天成
600415.SH,600415,小商品城
600419.SH,600419,天润乳业
600420.SH,600420,现代制药
600422.SH,600422,昆药集团
600425.SH,600425,青松建化
600426.SH,600426,华鲁恒升
600428.SH,600428,中远海特
600429.SH,600429,三元股份
600433.SH,600433,冠豪高新
600435.SH,600435,北方导航
600436.SH,600436,片仔癀
600438.SH,600438,通威股份
600439.SH,600439,瑞贝卡
600444.SH,600444,国机通用
600446.SH,600446,金证股份
600448.SH,600448,华纺股份
600449.SH,600449,宁夏建材
600452.SH,600452,涪陵电力
600455.SH,600455,博通股份
600456.SH,600456,宝钛股份
600458.SH,600458,时代新材
600459.SH,600459,贵研铂业
600460.SH,600460,士兰微
600461.SH,600461,洪城水业
600466.SH,600466,蓝光发展
600467.SH,600467,好当家
600468.SH,600468,百利电气
600475.SH,600475,华光环能
600477.SH,600477,杭萧钢构
600478.SH,600478,科力远
600479.SH,600479,千金药业
600480.SH,600480,凌云股份
600481.SH,600481,双良节能
600482.SH,600482,中国动力
600483.SH,600483,福能股份
600486.SH,600486,扬农化工
600487.SH,600487,亨通光电
600488.SH,600488,天药股份
600489.SH,600489,中金黄金
600490.SH,600490,鹏欣资源
600491.SH,600491,龙元建设
600493.SH,600493,凤竹纺织
600495.SH,600495,晋西车轴
600496.SH,600496,精工钢构
600497.SH,600497,驰宏锌锗
600498.SH,600498,烽火通信
600499.SH,600499,科达制造
600500.SH,600500,中化国际
600502.SH,600502,安徽建工
600503.SH,600503,华丽家族
600505.SH,600505,西昌电力
600506.SH,600506,香梨股份
600507.SH,600507,方大特钢
600508.SH,600508,上海能源
600510.SH,600510,黑牡丹
600511.SH,600511,国药股份
600513.SH,600513,联环药业
600515.SH,600515,海航基础
600516.SH,600516,方大炭素
600517.SH,600517,国网英大
600519.SH,600519,贵州茅台
600520.SH,600520,文一科技
600521.SH,600521,华海药业
600522.SH,600522,中天科技
600523.SH,600523,贵航股份
600525.SH,600525,长园集团
600527.SH,600527,江南高纤
600528.SH,600528,中铁工业
600529.SH,600529,山东药玻
600531.SH,600531,豫光金铅
600533.SH,600533,栖霞建设
600535.SH,600535,天士力
600536.SH,600536,中国软件
600537.SH,600537,亿晶光电
600538.SH,600538,国发股份
600540.SH,600540,新赛股份
600543.SH,600543,莫高股份
600545.SH,600545,卓郎智能
600546.SH,600546,山煤国际
600547.SH,600547,山东黄金
600548.SH,600548,深高速
600549.SH,600549,厦门钨业
600551.SH,600551,时代出版
600552.SH,600552,凯盛科技
600556.SH,600556,天下秀
600557.SH,600557,康缘药业
600558.SH,600558,大西洋
600559.SH,600559,老白干酒
600560.SH,600560,金自天正
600561.SH,600561,江西长运
600562.SH,600562,国睿科技
600563.SH,600563,法拉电子
600565.SH,600565,迪马股份
600566.SH,600566,济川药业
600567.SH,600567,山鹰国际
600569.SH,600569,安阳钢铁
600570.SH,600570,恒生电子
600572.SH,600572,康恩贝
600573.SH,600573,惠泉啤酒
600575.SH,600575,淮河能源
600576.SH,600576,祥源文化
600577.SH,600577,精达股份
600578.SH,600578,京能电力
600580.SH,600580,卧龙电驱
600581.SH,600581,八一钢铁
600582.SH,600582,天地科技
600583.SH,600583,海油工程
600584.SH,600584,长电科技
600585.SH,600585,海螺水泥
600586.SH,600586,金晶科技
600587.SH,600587,新华医疗
600588.SH,600588,用友网络
600589.SH,600589,广东榕泰
600590.SH,600590,泰豪科技
600592.SH,600592,龙溪股份
600593.SH,600593,大连圣亚
600594.SH,600594,益佰制药
600596.SH,600596,新安股份
600597.SH,600597,光明乳业
600598.SH,600598,北大荒
600600.SH,600600,青岛啤酒
600602.SH,600602,云赛智联
600603.SH,600603,广汇物流
600604.SH,600604,市北高新
600605.SH,600605,汇通能源
600606.SH,600606,绿地控股
600609.SH,600609,金杯汽车
600611.SH,600611,大众交通
600612.SH,600612,老凤祥
600613.SH,600613,神奇制药
600615.SH,600615,丰华股份
600616.SH,600616,金枫酒业
600618.SH,600618,氯碱化工
600619.SH,600619,海立股份
600620.SH,600620,天宸股份
600621.SH,600621,华鑫股份
600622.SH,600622,光大嘉宝
600623.SH,600623,华谊集团
600624.SH,600624,复旦复华
600626.SH,600626,申达股份
600628.SH,600628,新世界
600629.SH,600629,华建集团
600630.SH,600630,龙头股份
600633.SH,600633,浙数文化
600635.SH,600635,大众公用
600636.SH,600636,国新文化
600637.SH,600637,东方明珠
600638.SH,600638,新黄浦
600639.SH,600639,浦东金桥
600640.SH,600640,号百控股
600641.SH,600641,万业企业
600642.SH,600642,申能股份
600643.SH,600643,爱建集团
600644.SH,600644,乐山电力
600645.SH,600645,中源协和
600648.SH,600648,外高桥
600649.SH,600649,城投控股
600650.SH,600650,锦江投资
600655.SH,600655,豫园股份
600657.SH,600657,信达地产
600658.SH,600658,电子城
600660.SH,600660,福耀玻璃
600661.SH,600661,昂立教育
600662.SH,600662,强生控股
600663.SH,600663,陆家嘴
600664.SH,600664,哈药股份
600665.SH,600665,天地源
600667.SH,600667,太极实业
600668.SH,600668,尖峰集团
600673.SH,600673,东阳光
600674.SH,600674,川投能源
600675.SH,600675,中华企业
600676.SH,600676,交运股份
600678.SH,600678,四川金顶
600679.SH,600679,上海凤凰
600681.SH,600681,百川能源
600682.SH,600682,南京新百
600683.SH,600683,京投发展
600684.SH,600684,珠江实业
600686.SH,600686,金龙汽车
600688.SH,600688,上海石化
600690.SH,600690,海尔智家
600691.SH,600691,阳煤化工
600692.SH,600692,亚通股份
600693.SH,600693,东百集团
600694.SH,600694,大商股份
600695.SH,600695,绿庭投资
600697.SH,600697,欧亚集团
600699.SH,600699,均胜电子
600703.SH,600703,三安光电
600704.SH,600704,物产中大
600705.SH,600705,中航资本
600706.SH,600706,曲江文旅
600708.SH,600708,光明地产
600710.SH,600710,苏美达
600711.SH,600711,盛屯矿业
600713.SH,600713,南京医药
600714.SH,600714,金瑞矿业
600715.SH,600715,文投控股
600717.SH,600717,天津港
600718.SH,600718,东软集团
600720.SH,600720,祁连山
600722.SH,600722,金牛化工
600723.SH,600723,首商股份
600727.SH,600727,鲁北化工
600728.SH,600728,佳都科技
600729.SH,600729,重庆百货
600731.SH,600731,湖南海利
600733.SH,600733,北汽蓝谷
600735.SH,600735,新华锦
600736.SH,600736,苏州高新
600737.SH,600737,中粮糖业
600738.SH,600738,兰州民百
600739.SH,600739,辽宁成大
600740.SH,600740,山西焦化
600741.SH,600741,华域汽车
600742.SH,600742,一汽富维
600743.SH,600743,华远地产
600746.SH,600746,江苏索普
600748.SH,600748,上实发展
600750.SH,600750,江中药业
600751.SH,600751,海航科技
600753.SH,600753,东方银星
600754.SH,600754,锦江酒店
600755.SH,600755,厦门国贸
600756.SH,600756,浪潮软件
600757.SH,600757,长江传媒
600758.SH,600758,辽宁能源
600759.SH,600759,洲际油气
600760.SH,600760,中航沈飞
600761.SH,600761,安徽合力
600763.SH,600763,通策医疗
600764.SH,600764,中国海防
600765.SH,600765,中航重机
600766.SH,600766,园城黄金
600769.SH,600769,祥龙电业
600770.SH,600770,综艺股份
600771.SH,600771,广誉远
600773.SH,600773,西藏城投
600774.SH,600774,汉商集团
600775.SH,600775,南京熊猫
600776.SH,600776,东方通信
600777.SH,600777,新潮能源
600779.SH,600779,水井坊
600780.SH,600780,通宝能源
600782.SH,600782,新钢股份
600783.SH,600783,鲁信创投
600785.SH,600785,新华百货
600787.SH,600787,中储股份
600789.SH,600789,鲁抗医药
600790.SH,600790,轻纺城
600791.SH,600791,京能置业
600792.SH,600792,云煤能源
600793.SH,600793,宜宾纸业
600795.SH,600795,国电电力
600797.SH,600797,浙大网新
600798.SH,600798,宁波海运
600801.SH,600801,华新水泥
600802.SH,600802,福建水泥
600803.SH,600803,新奥股份
600804.SH,600804,鹏博士
600805.SH,600805,悦达投资
600808.SH,600808,马钢股份
600809.SH,600809,山西汾酒
600810.SH,600810,神马股份
600811.SH,600811,东方集团
600812.SH,600812,华北制药
600814.SH,600814,杭州解百
600818.SH,600818,中路股份
600819.SH,600819,耀皮玻璃
600820.SH,600820,隧道股份
600822.SH,600822,上海物贸
600823.SH,600823,世茂股份
600824.SH,600824,益民集团
600825.SH,600825,新华传媒
600826.SH,600826,兰生股份
600827.SH,600827,百联股份
600828.SH,600828,茂业商业
600829.SH,600829,人民同泰
600830.SH,600830,香溢融通
600831.SH,600831,广电网络
600833.SH,600833,第一医药
600834.SH,600834,申通地铁
600835.SH,600835,上海机电
600837.SH,600837,海通证券
600838.SH,600838,上海九百
600839.SH,600839,四川长虹
600841.SH,600841,上柴股份
600843.SH,600843,上工申贝
600844.SH,600844,丹化科技
600845.SH,600845,宝信软件
600846.SH,600846,同济科技
600847.SH,600847,万里股份
600848.SH,600848,上海临港
600850.SH,600850,华东电脑
600851.SH,600851,海欣股份
600853.SH,600853,龙建股份
600854.SH,600854,春兰股份
600855.SH,600855,航天长峰
600857.SH,600857,宁波中百
600858.SH,600858,银座股份
600859.SH,600859,王府井
600861.SH,600861,北京城乡
600862.SH,600862,中航高科
600863.SH,600863,内蒙华电
600865.SH,600865,百大集团
600867.SH,600867,通化东宝
600868.SH,600868,梅雁吉祥
600869.SH,600869,智慧能源
600872.SH,600872,中炬高新
600873.SH,600873,梅花生物
600874.SH,600874,创业环保
600875.SH,600875,东方电气
600876.SH,600876,洛阳玻璃
600879.SH,600879,航天电子
600880.SH,600880,博瑞传播
600881.SH,600881,亚泰集团
600882.SH,600882,妙可蓝多
600884.SH,600884,杉杉股份
600885.SH,600885,宏发股份
600886.SH,600886,国投电力
600887.SH,600887,伊利股份
600888.SH,600888,新疆众和
600890.SH,600890,中房股份
600893.SH,600893,航发动力
600894.SH,600894,广日股份
600895.SH,600895,张江高科
600897.SH,600897,厦门空港
600900.SH,600900,长江电力
600908.SH,600908,无锡银行
600909.SH,600909,华安证券
600917.SH,600917,重庆燃气
600919.SH,600919,江苏银行
600926.SH,600926,杭州银行
600936.SH,600936,广西广电
600958.SH,600958,东方证券
600959.SH,600959,江苏有线
600960.SH,600960,渤海汽车
600962.SH,600962,国投中鲁
600963.SH,600963,岳阳林纸
600965.SH,600965,福成股份
600966.SH,600966,博汇纸业
600967.SH,600967,内蒙一机
600969.SH,600969,郴电国际
600970.SH,600970,中材国际
600971.SH,600971,恒源煤电
600973.SH,600973,宝胜股份
600976.SH,600976,健民集团
600977.SH,600977,中国电影
600979.SH,600979,广安爱众
600980.SH,600980,北矿科技
600981.SH,600981,汇鸿集团
600982.SH,600982,宁波热电
600983.SH,600983,惠而浦
600984.SH,600984,建设机械
600985.SH,600985,淮北矿业
600986.SH,600986,科达股份
600987.SH,600987,航民股份
600988.SH,600988,赤峰黄金
600990.SH,600990,四创电子
600992.SH,600992,贵绳股份
600993.SH,600993,马应龙
600995.SH,600995,文山电力
600996.SH,600996,贵广网络
600997.SH,600997,开滦股份
600998.SH,600998,九州通
600999.SH,600999,招商证券
601000.SH,601000,唐山港
601001.SH,601001,大同煤业
601002.SH,601002,晋亿实业
601003.SH,601003,柳钢股份
601005.SH,601005,重庆钢铁
601006.SH,601006,大秦铁路
601007.SH,601007,金陵饭店
601008.SH,601008,连云港
601009.SH,601009,南京银行
601010.SH,601010,文峰股份
601011.SH,601011,宝泰隆
601012.SH,601012,隆基股份
601015.SH,601015,陕西黑猫
601016.SH,601016,节能风电
601018.SH,601018,宁波港
601020.SH,601020,华钰矿业
601021.SH,601021,春秋航空
601028.SH,601028,玉龙股份
601058.SH,601058,赛轮轮胎
601069.SH,601069,西部黄金
601088.SH,601088,中国神华
601098.SH,601098,中南传媒
601100.SH,601100,恒立液压
601101.SH,601101,昊华能源
601106.SH,601106,中国一重
601107.SH,601107,四川成渝
601111.SH,601111,中国国航
601116.SH,601116,三江购物
601117.SH,601117,中国化学
601118.SH,601118,海南橡胶
601126.SH,601126,四方股份
601127.SH,601127,小康股份
601128.SH,601128,常熟银行
601137.SH,601137,博威合金
601139.SH,601139,深圳燃气
601155.SH,601155,新城控股
601158.SH,601158,重庆水务
601163.SH,601163,三角轮胎
601166.SH,601166,兴业银行
601168.SH,601168,西部矿业
601169.SH,601169,北京银行
601177.SH,601177,杭齿前进
601179.SH,601179,中国西电
601186.SH,601186,中国铁建
601188.SH,601188,龙江交通
601198.SH,601198,东兴证券
601199.SH,601199,江南水务
601208.SH,601208,东材科技
601211.SH,601211,国泰君安
601216.SH,601216,君正集团
601222.SH,601222,林洋能源
601225.SH,601225,陕西煤业
601226.SH,601226,华电重工
601229.SH,601229,上海银行
601231.SH,601231,环旭电子
601233.SH,601233,桐昆股份
601238.SH,601238,广汽集团
601288.SH,601288,农业银行
601311.SH,601311,骆驼股份
601318.SH,601318,中国平安
601328.SH,601328,交通银行
601333.SH,601333,广深铁路
601336.SH,601336,新华保险
601339.SH,601339,百隆东方
601360.SH,601360,三六零
601368.SH,601368,绿城水务
601369.SH,601369,陕鼓动力
601377.SH,601377,兴业证券
601388.SH,601388,怡球资源
601390.SH,601390,中国中铁
601398.SH,601398,工商银行
601500.SH,601500,通用股份
601515.SH,601515,东风股份
601518.SH,601518,吉林高速
601555.SH,601555,东吴证券
601566.SH,601566,九牧王
601567.SH,601567,三星医疗
601579.SH,601579,会稽山
601588.SH,601588,北辰实业
601595.SH,601595,上海电影
601599.SH,601599,鹿港文化
601600.SH,601600,中国铝业
601601.SH,601601,中国太保
601607.SH,601607,上海医药
601608.SH,601608,中信重工
601611.SH,601611,中国核建
601616.SH,601616,广电电气
601618.SH,601618,中国中冶
601628.SH,601628,中国人寿
601633.SH,601633,长城汽车
601636.SH,601636,旗滨集团
601666.SH,601666,平煤股份
601668.SH,601668,中国建筑
601669.SH,601669,中国电建
601677.SH,601677,明泰铝业
601678.SH,601678,滨化股份
601688.SH,601688,华泰证券
601689.SH,601689,拓普集团
601699.SH,601699,潞安环能
601700.SH,601700,风范股份
601717.SH,601717,郑煤机
601718.SH,601718,际华集团
601727.SH,601727,上海电气
601766.SH,601766,中国中车
601788.SH,601788,光大证券
601789.SH,601789,宁波建工
601799.SH,601799,星宇股份
601800.SH,601800,中国交建
601801.SH,601801,皖新传媒
601811.SH,601811,新华文轩
601818.SH,601818,光大银行
601857.SH,601857,中国石油
601866.SH,601866,中远海发
601872.SH,601872,招商轮船
601877.SH,601877,正泰电器
601880.SH,601880,大连港
601882.SH,601882,海天精工
601886.SH,601886,江河集团
601888.SH,601888,中国中免
601898.SH,601898,中煤能源
601899.SH,601899,紫金矿业
601900.SH,601900,南方传媒
601901.SH,601901,方正证券
601908.SH,601908,京运通
601918.SH,601918,新集能源
601919.SH,601919,中远海控
601928.SH,601928,凤凰传媒
601929.SH,601929,吉视传媒
601933.SH,601933,永辉超市
601939.SH,601939,建设银行
601958.SH,601958,金钼股份
601965.SH,601965,中国汽研
601966.SH,601966,玲珑轮胎
601968.SH,601968,宝钢包装
601985.SH,601985,中国核电
601988.SH,601988,中国银行
601989.SH,601989,中国重工
601991.SH,601991,大唐发电
601992.SH,601992,金隅集团
601996.SH,601996,丰林集团
601997.SH,601997,贵阳银行
601998.SH,601998,中信银行
601999.SH,601999,出版传媒
603000.SH,603000,人民网
603001.SH,603001,奥康国际
603002.SH,603002,宏昌电子
603003.SH,603003,龙宇燃油
603005.SH,603005,晶方科技
603006.SH,603006,联明股份
603007.SH,603007,花王股份
603008.SH,603008,喜临门
603009.SH,603009,北特科技
603010.SH,603010,万盛股份
603011.SH,603011,合锻智能
603012.SH,603012,创力集团
603015.SH,603015,弘讯科技
603016.SH,603016,新宏泰
603017.SH,603017,中衡设计
603018.SH,603018,华设集团
603019.SH,603019,中科曙光
603020.SH,603020,爱普股份
603022.SH,603022,新通联
603023.SH,603023,威帝股份
603025.SH,603025,大豪科技
603026.SH,603026,石大胜华
603027.SH,603027,千禾味业
603028.SH,603028,赛福天
603029.SH,603029,天鹅股份
603030.SH,603030,全筑股份
603031.SH,603031,安德利
603033.SH,603033,三维股份
603036.SH,603036,如通股份
603058.SH,603058,永吉股份
603060.SH,603060,国检集团
603066.SH,603066,音飞储存
603067.SH,603067,振华股份
603069.SH,603069,海汽集团
603077.SH,603077,和邦生物
603085.SH,603085,天成自控
603088.SH,603088,宁波精达
603090.SH,603090,宏盛股份
603098.SH,603098,森特股份
603099.SH,603099,长白山
603100.SH,603100,川仪股份
603101.SH,603101,汇嘉时代
603108.SH,603108,润达医疗
603116.SH,603116,红蜻蜓
603117.SH,603117,万林物流
603118.SH,603118,共进股份
603123.SH,603123,翠微股份
603126.SH,603126,中材节能
603128.SH,603128,华贸物流
603131.SH,603131,上海沪工
603158.SH,603158,腾龙股份
603159.SH,603159,上海亚虹
603160.SH,603160,汇顶科技
603166.SH,603166,福达股份
603167.SH,603167,渤海轮渡
603168.SH,603168,莎普爱思
603189.SH,603189,网达软件
603198.SH,603198,迎驾贡酒
603199.SH,603199,九华旅游
603203.SH,603203,快克股份
603218.SH,603218,日月股份
603222.SH,603222,济民制药
603223.SH,603223,恒通股份
603227.SH,603227,雪峰科技
603239.SH,603239,浙江仙通
603258.SH,603258,电魂网络
603268.SH,603268,松发股份
603288.SH,603288,海天味业
603298.SH,603298,杭叉集团
603299.SH,603299,苏盐井神
603300.SH,603300,华铁应急
603306.SH,603306,华懋科技
603308.SH,603308,应流股份
603309.SH,603309,维力医疗
603311.SH,603311,金海高科
603313.SH,603313,梦百合
603318.SH,603318,派思股份
603319.SH,603319,湘油泵
603322.SH,603322,超讯通信
603323.SH,603323,苏农银行
603328.SH,603328,依顿电子
603333.SH,603333,尚纬股份
603336.SH,603336,宏辉果蔬
603338.SH,603338,浙江鼎力
603339.SH,603339,四方科技
603355.SH,603355,莱克电气
603368.SH,603368,柳药股份
603369.SH,603369,今世缘
603377.SH,603377,东方时尚
603393.SH,603393,新天然气
603398.SH,603398,邦宝益智
603399.SH,603399,吉翔股份
603416.SH,603416,信捷电气
603421.SH,603421,鼎信通讯
603456.SH,603456,九洲药业
603508.SH,603508,思维列控
603515.SH,603515,欧普照明
603518.SH,603518,锦泓集团
603519.SH,603519,立霸股份
603520.SH,603520,司太立
603528.SH,603528,多伦科技
603556.SH,603556,海兴电力
603558.SH,603558,健盛集团
603559.SH,603559,中通国脉
603566.SH,603566,普莱柯
603567.SH,603567,珍宝岛
603568.SH,603568,伟明环保
603569.SH,603569,长久物流
603577.SH,603577,汇金通
603585.SH,603585,苏利股份
603588.SH,603588,高能环境
603589.SH,603589,口子窖
603598.SH,603598,引力传媒
603599.SH,603599,广信股份
603600.SH,603600,永艺股份
603601.SH,603601,再升科技
603606.SH,603606,东方电缆
603608.SH,603608,天创时尚
603609.SH,603609,禾丰牧业
603611.SH,603611,诺力股份
603618.SH,603618,杭电股份
603633.SH,603633,徕木股份
603636.SH,603636,南威软件
603658.SH,603658,安图生物
603660.SH,603660,苏州科达
603663.SH,603663,三祥新材
603667.SH,603667,五洲新春
603669.SH,603669,灵康药业
603678.SH,603678,火炬电子
603686.SH,603686,龙马环卫
603688.SH,603688,石英股份
603696.SH,603696,安记食品
603698.SH,603698,航天工程
603699.SH,603699,纽威股份
603701.SH,603701,德宏股份
603708.SH,603708,家家悦
603716.SH,603716,塞力斯
603718.SH,603718,海利生物
603726.SH,603726,朗迪集团
603727.SH,603727,博迈科
603729.SH,603729,龙韵股份
603737.SH,603737,三棵树
603738.SH,603738,泰晶科技
603766.SH,603766,隆鑫通用
603777.SH,603777,来伊份
603778.SH,603778,乾景园林
603788.SH,603788,宁波高发
603798.SH,603798,康普顿
603799.SH,603799,华友钴业
603800.SH,603800,道森股份
603806.SH,603806,福斯特
603808.SH,603808,歌力思
603816.SH,603816,顾家家居
603818.SH,603818,曲美家居
603819.SH,603819,神力股份
603822.SH,603822,嘉澳环保
603823.SH,603823,百合花
603828.SH,603828,柯利达
603838.SH,603838,四通股份
603843.SH,603843,正平股份
603858.SH,603858,步长制药
603859.SH,603859,能科股份
603861.SH,603861,白云电器
603866.SH,603866,桃李面包
603868.SH,603868,飞科电器
603869.SH,603869,新智认知
603878.SH,603878,武进不锈
603883.SH,603883,老百姓
603885.SH,603885,吉祥航空
603886.SH,603886,元祖股份
603887.SH,603887,城地香江
603888.SH,603888,新华网
603889.SH,603889,新澳股份
603898.SH,603898,好莱客
603899.SH,603899,晨光文具
603900.SH,603900,莱绅通灵
603901.SH,603901,永创智能
603909.SH,603909,合诚股份
603918.SH,603918,金桥信息
603919.SH,603919,金徽酒
603928.SH,603928,兴业股份
603929.SH,603929,亚翔集成
603936.SH,603936,博敏电子
603939.SH,603939,益丰药房
603958.SH,603958,哈森股份
603959.SH,603959,百利科技
603968.SH,603968,醋化股份
603969.SH,603969,银龙股份
603977.SH,603977,国泰集团
603979.SH,603979,金诚信
603986.SH,603986,兆易创新
603987.SH,603987,康德莱
603988.SH,603988,中电电机
603989.SH,603989,艾华集团
603990.SH,603990,麦迪科技
603993.SH,603993,洛阳钼业
603997.SH,603997,继峰股份
603998.SH,603998,方盛制药
603999.SH,603999,读者传媒
